ResponseId,age,gender,driving_experience,av_experience,comfort_with_automation,trust_score,rank_1,rank_2,rank_3,why_ranked,trust_explanation,control_buttons,final_feedback
R_2M3WhnmOq2Cvbtw,23,0,4,0,5,4.583333333333333,3,1,2,"The addition of buttons gave the idea that the car was not safe by itself. Adding explanations made it more understandable why the car behaved like it did, making it more comfortable. ",The explanations gave me more trust and made the use of buttons more easy.,"In the beginning it didnt feel intuitive because you are used to brake and accelerate, but with the explanation and in the context of a self driving car it worked well. ",I wouldn't say it was comfortable. You still need to pay a lot of attention.
R_8oVYNNWnilnz6jD,26,0,5,0,6,5.916666666666667,1,2,3,"Having no explanations and no buttons felt like I was simply a passenger with no impact on the outcome of the driving experience. The buttons in trial 2 gave a sense of control over the vehicles actions but it was still unclear what the vehicle was doing and why. In the third trial it felt the most comfortable since I also had input as to why we are stopping/slowing down, and at the same time I could influence these decisions.",It gave me insight into the vehicles decisions and I wasn't surprised by any abrupt alterations in the driving.,They felt responsive and gave me enough control over the vehicle's decisions.,"It felt reassuring and the car was driving competently, it didn't feel unsafe at any point."
R_2yrVGJW615AnaKH,31,0,4,1,6,4.083333333333333,1,2,3,The button helps me to feel that I still have a control over the autonomous vehicles. The explanations help me to understand or expect what will happen in the few seconds ahead.,"Explanations help me to understand the thinking process of the vehicle; thus, I know what I will expect (e.g. slowing down or stop)",It helps me to give a control when needed. It is similar to the brake/acceleration pedal.,Maybe you can add indication if the vehicle wants to turn left or right. It helps to to know which side of the road I need to look at.
R_8mCywcisFRmzNhn,29,0,5,0,6,5.0,1,2,3,"Buttons give a bit more control, explanations let me know the intend beforehand",Help me prepare for car's next move,Gave me more control,"Never been to autonomous vihacle before, felt a bit unsure"
R_8otD3pW4QGhboRP,24,0,5,1,4,5.25,1,2,3,Having some control over the actions gives me some confidence in case I disagree with the decisions of the autonomous system. Having the explanations of what the car does also provides an extra reassurance since I do not have to guess what the car is planning to do or react,it increased my awareness regarding the car's decision making but it did not make me trust it much more.,Intuitive but I could use some more time getting used to the right Ctrl button.,Some rapid movements of the wheel lead me to slow down the car. Maybe some more incidents or cases in the town would be interesting to see.
R_8jUF8bOHNCzhyTf,22,0,4,1,7,5.166666666666667,1,2,3,"It s nice ti get action verification so that i dont have to think if the car is trying to stop or not. And manuak overwrite is always good, gives the more confidence in the experience",It helped me decide if i should take any manual actions or not,hard to understand at first but gets easier through time and practise,I would love to see some more complex scenarios to test the trust to the limit 
R_8Tpo8BoSqiIjEAW,22,0,1,1,4,3.1666666666666665,1,2,3,having an explanation makes it easier to predict the car movements and take the necessary actions to prevent accidents. Not having any input in the car driving feels dangerous and stressful,"Helped me understand the intentions of the car, however it is annoying having to read what the car is doing while doing it, since i might start reading a bit late.",easy to understand but took some time to get used to,Fun driving experience
R_8qUn1XcGiE5OEDz,22,0,4,1,2,4.416666666666667,2,1,3,"I feel more stressed when i have control but no explanations, because I feel like I HAVE to intervene. No control and explanations therefore feels safer. Having control and explanations make me feel the safest, because I don't feel pressured to intervene, but I can if I want to.","They made me feel safer, and like I am more connected with the vehicle.","The multiple functions made them confusing to use, but it was nice to have some form of control.","The car moves a bit erratically when cornering, and gets quite close to obstacles."
R_3IYIgKYfadiSTk2,27,1,2,1,6,5.416666666666667,2,1,3,when no buttons I feel easy and relax because the vehicle will probably do everything for me. when I have a button and explanation I will more in control of everything.,It increase transparent communication,No very controllable because it is not familiar to me,slow down too much
R_8DGcmBS6CF7Tyud,34,0,3,0,4,4.083333333333333,1,2,3,I had more control and that gave me please of mind,"By adding audio it enhance the senses used, creating a more holistic experience",Confortrable,Still needs a bit of work to run more smoothly but is a nice overall driving stimulation
R_8HeMXy2Z3njFsOd,26,1,4,0,6,6.25,1,2,3,"I felt like no buttons and explanations has absolutely no control, Although I felt very comfortable with the autonomous car. Buttons only makes me feel a bit worried that I forget what each buttons do, but buttons and explanations make me feel even more confident! ","Although sometimes I could already suspect what the vehicle is doing, it felt even better to see it written.",I didn't really use them. I used them ones and I killed a biker. RIP.,In general I felt complete trust on the vehicle and I felt very comfortable knowing that it has full control. Of course having the buttons in case of emergency such as system failure makes me feel safer. 
R_2g5fTpJz9683Pr2,21,0,4,0,3,4.75,1,2,3,"Being able to control the car, and the car telling what it is going to do, gives a sense of security and makes me as a driver feel more safe","I knew what the vehicle was going to do, so I knew if i had to intervene or not.","They were helpful in some situations, mainly the break button",Would like the car to have a bit more speed so breaking would be nececairy more often
R_83j5U9FAiStQjTp,22,1,3,0,3,3.75,1,2,3,Having no buttons felt less comfortable as i feel i was able to see the cars stopped in the middle of the road before the car would provide explanations to what is happening.,I was a bit late seeing the explanations although they did pop up in front of my eyes but i was more focused on the road than on the explanations. I feel if i got more used to it to check on the explanations that pop out i would cooperate better.,It was easy to remember what each button does since it was also written with yellow letters in the car although it was a bit tricky when it comes to actually using them but again the more practice the better it work.,The fact that the car did not stop at the red lights made be a bit hesitant whether to stop the car or not so maybe if the car was automated to stop on the red lights and i knew then i wouldn't press the button to sto.
R_2H1jhoBQSlTTdYZ,23,1,4,0,5,5.0,2,1,3,"version 3, the car behaved in the most predictable manner, there were also fewer obstacles. ","the explanations were 1-2 seconds too late, i had already seen the obstacle and decided to slow down, and then the car did the same. i didnt feel like intervening many times as i usually agreed with the explanations.","very normal, just felt a bit weird to start again after stopping completely.",i liked the experience and the car behaved in a predictable manner. i only thought the steering was a bit off centre and not realistic. car accelerated and decelerated as expected.
R_82u0lBYaOUfCZGK,26,1,5,0,4,3.1666666666666665,1,2,3,It starts with an unknown kind of feeling of what is going on but then it becomes clearer when you're given the explanations as well,i was more prepared for the upcoming obstacles and could see if i could trust it or not. if it was legit info ,they were really helpful but didn't have full control,"there was not a signaling of direction 
changing lanes with no apparent reason 
the messages on the screen were helpful and accurate"
R_82DrQrMtOuk65M6,21,0,3,1,6,5.416666666666667,1,2,3,"with the 1st one you have no single control, as you do have the most control with the 3rd trial. You can stop at any time and you are informed on what the vehicle is gonna do.","You are prepared on the situation, and you dont have to wait to the last moment to see whats gonna happen","Its good to keep the control in your own hands, so you will always be able of stopping if something seems to go wrong","the car sometimes drove quite close to some cars parked on the curb, personally i would take a bit more space to them."
R_2pbtVz7chdL3Z4J,26,0,5,1,6,6.083333333333333,1,2,3,Having any control of the movement of the car provides some kind of confidence to intervene if possible. Adding the explanations to the car's actions provides clarity. Having both then provides the most comfort. ,"The explanations provided a quick explanation to why the car made a decision, providing clarity and transparency, therefore more trust.",Quite intuitive thanks to the ability to test it out during Trial 2.,Smoother steering on the highway next time
R_8KOQ8LARhCHwTmq,26,0,5,0,5,5.166666666666667,2,1,3,"I felt less comfortable with version 2, because I had no input infortmation. The buttons may cause an accident if not used correctly. Version 1 felt more comfortable because I was only relying on the car. With version 3 I was feeling very comfortable because I had the option to interrupt based on the information given by the car",They increased my trust,I was feeling more comfortable because I had the option to take some kind of control,After this experiment I feel more comfortable driving in an autonomous car (Never been in one)
R_8iKLVhrra4leAVi,25,0,3,0,3,3.25,2,1,3,based on my experience with the 3 vehicles i felt the most comfortable when instructions where present and when i had no control or responsibility for the outcome,positively but would need more feedback to feel sure about the car experience,good,smooth and reliable driving except some key errors that cause my concern ( getting on the pavement to make a turn)
R_8gMjhWXPlG363s0,25,1,4,0,4,6.0,1,2,3,I felt safer with the audio explanations knowing to anticipate how the car is going to behave. Buttons made me feel i had some control. Having no control is a bit stressful,Feeling some safety that the vehicle understands what its doing,Used mostly after the car stopped completely after congestion/accident/roadblock. Only to begin it again. Other than that I generally agreed with the car and didnt have to press,Would like it to drive faster.
R_8uOwwNy3E5L0Dpn,26,0,5,0,1,3.3333333333333335,1,3,2,im an experienced driver,no they didn't ,easy ,"Good experience, good for response practice from new drivers "
R_8FqAwKVQ55qnbwX,24,0,1,1,4,4.333333333333333,2,3,1,There is a slight delay between what the car says its gonna so vs when it actually does it,It made me misinterpret the timing of the execution of the action,a bit confusing but overall fine,"the slight delay is a annoying
"
R_8DefiU6rD694nQm,25,0,2,0,6,4.916666666666667,2,1,3,"Version 3 and version 1 give more comfortable compare to the version 2, it is clear and the information easy to understand or no information or control like version 1",good and understandable,fun and explorative ,good exploration and experiment
R_2AEDvno2pYQFEEH,39,0,5,0,1,2.5,1,2,3,I want to know what the car is doing and what it is going to do. And I want to be able to intervene.,Knowing what the car is intending to do is assuring.,Overly simplistic. Lack of control.,I'd rather drive the car myself.
R_2GCn5kDuFjI4ROx,22,1,3,0,3,5.75,2,1,3,"i liked having no buttons in version 1 cause i didn't have to think about anything, but i was comfortable enough with the buttons in version 3",it's nice to know what the car is thinking so if it slows down out of nowhere at least i know why. thus the trust increased,"they worked really well, i just had some trouble understanding which button made the car start again after stopping. however there was no issues with the functioning",the car was wobbly in the highway
R_8x0jwlnM2fgjd9D,25,1,4,1,3,4.583333333333333,1,2,3,"aural explanations help trusting the vehicle by giving a prediction of its actions, buttons gives human control to feel more humaine and trustworthy ",helped me to predict what the car will do and to rely on it ,"felt easier to experience the self-driving, gave control to me if there was unexpected event ","stressful experience, aural explanations helped with feeling uneven "
R_2Jjg3lGLOE80snf,28,0,2,0,4,5.75,2,1,3,"In version 2, I felt like I had to keep an eye on the road and also 'help' the system. Even though version 1 didn't have buttons, I felt a little more comfortable because I assumed that the car would have been properly tested before hitting the streets. The explanations on version 3 are a nice to have. It gives reassurance without the need for me to press buttons.
",It gave me reassurance that it sees what is happening,"Neutral because even there were only 2 buttons, they were performing 4 functions which was a little confusing",Something I missed was the car indicating the direction it would go to. It's quite important on the road
R_2F3avXVwqRbdZWk,36,1,5,1,5,5.083333333333333,1,2,3,I prefer to know what the vehicle is going to do,More trust in the system used for the first time,Not so comfortable or intuitive,The lateral control was quite dizzy and makes my trust low
R_8aQPykCIrkN1rkQ,25,0,3,0,2,5.083333333333333,2,1,3,Buttons only create unreliability for responses. The car could be already stopping and you could unknowingly cause a crash like I did. If there is no explanation I would prefer to have to trust the car.,"They made me trust the vehicle more, as I could potentially spot any mistakes, even if it didnt make any. At the same time, if I really trusted the vehicle I would not need any explanations.","During the first trial with the control buttons things were pretty confusing. During the second one, where the car's intentions were visible, things made a little more sense.","I personally believe that the buttons introduce a weird middle ground between trust and accountability. If the car is really better at driving that humans, then real trust would imply never needing to interfere with the car's actions.  "
R_2r16cF1wtgTa4l8,18,0,3,0,5,3.4166666666666665,3,2,1,"First version i had to adapt, so i didnt really focus. version 2 felt better then version 3. version 3 had moments when it didnt explain, but i felt like sometimes it drove to close to the curf/car.",it gave me more trust.,going against my instincts. (both slow down),perhaps a trial zero for people who never did vr before.
R_82yV6n7Hwnh8D2e,26,1,2,0,2,2.75,3,2,1,"Because when you did not have any control over the car, it didn't matter what you felt or did where as when I had explanations and could control the buttons the buttons felt counterintuative from the previous experiences. ",It made me trust the vehicle less because it didn't always stop or break fast enough for the situation. ,"The stop/don't stop button did not work properly in the previous simulations, meaning that when i pressed it before it would only stop and never not stop. The one time I needed a hard/quick stop it didn't stop, it just kept going and so I crashed. ","The driving experience was relatively nice, a bit slow and not very natural but overall I could trust the car for the basic driving needs. "
R_240i1i4hXpWXZjr,24,0,5,0,4,4.75,1,2,3,"The voice helped ease the transition between stages the car is going through
","Explaining, added a layer of understanding and made me less wary","Easy to manage, after the first trials",Sound would make this more immersive and might change the outcomes but it was still engaging.
R_8TGfu6L1KP6Du3V,33,0,4,0,5,4.583333333333333,1,2,3,"While the car didnt generate distrust allowing me to override the decision made it more comfortable, and also I was more aquainted with the experience by the third trial",The explanations helped to increase trust given that it allows for me to make the final judgement if I want to accept the decision or not.,"I think it was good, after understanding that the left one is more like a ""go slower for a bit"" button it became better.","Very relaxing, although the first one was a bit uncomfortable given that I was still getting aquainted with the experience and had no control over it."
R_21idYiYyo38laOJ,25,1,4,0,3,5.083333333333333,1,2,3,I prefer it when I have some level of control,make me trust car's reactions ,I liked it cause it gave me more control,it was a fun experience
R_2S1ftlbVSMEaaCa,22,1,4,0,4,5.083333333333333,1,2,3,"I assigned the version three as the most comfortable one because it was generally more comfortable when I knew what actions to expect from the car, and it felt most comfortable when I was able to control its actions.","Because I knew what the next action of the car was, so it made me more comfortable.",The controls were helpful,The experience was fun and interesting. 
R_8kidpk1vpAV0VcI,25,0,4,0,3,6.0,1,2,3,"version 1 made me feel a bit unsafe not knowing what the actions will be or having no control, version 2 made me feel more comfortable since i had control of the vehicle, version 3, at this point the vehicle gained my full trust since it showed me it is reliable and it also showed me its intentions",It influenced my trust since the vehicle did exactly what the explanation said,got a bit confused at first but after 1-2 tries i was very comfortable with the buttons,maybe next time some people can jump in the road out of nowhere so we can see the vehicles reaction
